cida_isolates,count,frequency
s12-0116,2,0.023255814
s12-0132,30,0.348837209
s12-0141,46,0.534883721
s12-0166,1,0.011627907
s12-0180,5,0.058139535
s12-0184,2,0.023255814